SL NO,NAME,BSE Code,NSE Code,Industry,DISCOUNT RANK,SENTIMENT RANK,DATE,STATUS,Q/Growth Rank,PF STATUS
1,Nifty 50,,NIFTYBEES,,,384,,NO RESULT,,
21,Bizotic Commer.,543926,BOM:543926,Textiles & Apparels,8,27,,BUY,19,
2,Exxaro Tiles,543327,EXXARO,Consumer Durables,1,,,BUY,,ZERODHA&ANGEL
8,ASM Technologies,526433,BOM:526433,IT - Software,28,18,,BUY,,ANGEL
34,Privi Speci.,530117,PRIVISCL,Chemicals & Petrochemicals,39,13,,BUY,32,ZERODHA
16,Tatva Chintan,543321,TATVA,Chemicals & Petrochemicals,6,44,,BUY,14,
3,Hitachi Energy,543187,POWERINDIA,Electrical Equipment,14,11,,BUY,52,ADD
19,Garuda Cons,544271,GARUDA,Construction,16,20,,BUY,,
36,Thangamayil Jew.,533158,THANGAMAYL,Consumer Durables,24,1,,BUY,17,
20,SKM Egg Prod.,532143,SKMEGGPROD,Food Products,21,91,,BUY,8,
29,T N Petro Prod.,500777,TNPETRO,Chemicals & Petrochemicals,22,,,BUY,,ZERODHA
41,Navin Fluo.Intl.,532504,NAVINFLUOR,Chemicals & Petrochemicals,25,34,,BUY,16,ZERODHA&ANGEL
6,Suzlon Energy,532667,SUZLON,Electrical Equipment,27,257,,BUY,,ANGEL
23,Genus Power,530343,GENUSPOWER,Electrical Equipment,35,47,,BUY,,ZERODHA&ANGEL
30,Welspun Corp,532144,WELCORP,Industrial Products,37,323,,BUY,,ADD
28,M R P L,500109,MRPL,Petroleum Products,2,35,,BUY,84,
7,C P C L,500110,CHENNPETRO,Petroleum Products,4,29,,BUY,23,
32,South West Pinn.,543986,SOUTHWEST,Commercial Services & Supplies,19,,,BUY,3,ZERODHA&ANGEL
5,Greaves Cotton,501455,GREAVESCOT,Industrial Products,15,598,,BUY,,
15,HEG,509631,HEG,Industrial Products,17,371,,BUY,74,ZERODHA
12,Vintage Coffee,538920,VINCOFE,Commercial Services & Supplies,32,33,,BUY,,
39,Fischer Medical,524743,FISCHER,Healthcare Equipment & Supplies,3,727,,BUY,,ZERODHA
4,InfoBeans Tech.,543644,INFOBEAN,IT - Software,20,,,BUY,,
9,Sai Silks,543989,KALAMANDIR,Retailing,29,661,,BUY,,
13,Capri Global,531595,CGCL,Finance,33,533,,BUY,13,ZERODHA
26,Sagility,544282,SAGILITY,IT - Services,36,172,,BUY,,ZERODHA
40,Cartrade Tech,543333,CARTRADE,Retailing,41,275,,BUY,35,
,R R Kabel,543981,RRKABEL,Industrial Products,43,212,,BUY,49,
14,Rama Phosphates,524037,RAMAPHO,Fertilizers & Agrochemicals,5,26,,BUY,,
24,Indo Thai Sec.,533676,INDOTHAI,Capital Markets,7,751,,BUY,,
22,Manaksia Coated,539046,MANAKCOAT,Industrial Products,9,825,,BUY,,
25,Bhagyanagar Ind,512296,BHAGYANGR,Non - Ferrous Metals,10,,,BUY,18,ZERODHA
27,IFB Agro Inds.,507438,IFBAGRO,Beverages,11,8,,BUY,12,
35,CIAN Agro,519477,BOM:519477,Agricultural Food & other Products,12,,,BUY,,ZERODHA
37,Laurus Labs,540222,LAURUSLABS,Pharmaceuticals & Biotechnology,13,87,,BUY,22,
17,GMM Pfaudler,505255,GMMPFAUDLR,Industrial Manufacturing,18,308,,BUY,63,
33,Sobha,532784,SOBHA,Realty,23,50,,BUY,11,
43,Waaree Renewab.,534618,WAAREERTL,Electrical Equipment,26,746,,BUY,,
10,Sharda Cropchem,538666,SHARDACROP,Fertilizers & Agrochemicals,30,827,,BUY,,
11,Bondada Engineer,543971,BOM:543971,Telecom - Services,31,767,,BUY,2,
18,Bhageria Indust.,530803,BHAGERIA,Chemicals & Petrochemicals,34,618,,BUY,,ZERODHA
31,Waaree Energies,544277,WAAREEENER,Electrical Equipment,38,807,,BUY,,ZERODHA
38,Acutaas Chemical,543349,ACUTAAS,Pharmaceuticals & Biotechnology,40,96,,BUY,37,ZERODHA
42,Stallion India,544342,STALLION,Chemicals & Petrochemicals,42,901,,BUY,9,ZERODHA